<?xml version="1.0" encoding="UTF-8"?>
<project-private xmlns="http://www.netbeans.org/ns/project-private/1">
    <editor-bookmarks xmlns="http://www.netbeans.org/ns/editor-bookmarks/2" lastBookmarkId="0"/>
    <open-files xmlns="http://www.netbeans.org/ns/projectui-open-files/2">
        <group>
            <file>file:/home/e13366/Desktop/CO324/Address_Book/src/java/AddressBook.java</file>
            <file>file:/home/e13366/Desktop/CO324/Address_Book/src/java/AddressBookServlet.java</file>
            <file>file:/home/e13366/Desktop/CO324/Address_Book/web/search.html</file>
        </group>
    </open-files>
</project-private>
